Hotel_Name,Hotel_Web_Link,Cheapest_Provider,Price,Review_Count,Distance,Amenities_1,Amenities_2
Hospitel-Hotel Dieu Paris,https://www.tripadvisor.com/Hotel_Review-g187147-d472020-Reviews-Hospitel_Hotel_Dieu_Paris-Paris_Ile_de_France.html,Expedia.com,$146 ,205 reviews,0.2 miles,Free Wifi,Room Service
Hotel le Notre Dame,https://www.tripadvisor.com/Hotel_Review-g187147-d302993-Reviews-Hotel_le_Notre_Dame-Paris_Ile_de_France.html,Official Site,$161 ,934 reviews,0.3 miles,Free Wifi,Bar/Lounge
Hotel de Lutece,https://www.tripadvisor.com/Hotel_Review-g187147-d219994-Reviews-Hotel_de_Lutece-Paris_Ile_de_France.html,Orbitz.com,$145 ,358 reviews,0.4 miles,Free Wifi,
Hotel du Levant,https://www.tripadvisor.com/Hotel_Review-g187147-d319955-Reviews-Hotel_du_Levant-Paris_Ile_de_France.html,Booking.com,$201 ,"1,230 reviews",0.4 miles,Free Wifi,Breakfast included
Hotel des Deux Iles,https://www.tripadvisor.com/Hotel_Review-g187147-d194270-Reviews-Hotel_des_Deux_Iles-Paris_Ile_de_France.html,Agoda.com,$151 ,210 reviews,0.4 miles,Free Wifi,Room Service
Hotel du Jeu de Paume,https://www.tripadvisor.com/Hotel_Review-g187147-d194304-Reviews-Hotel_du_Jeu_de_Paume-Paris_Ile_de_France.html,Expedia.com,$225 ,484 reviews,0.5 miles,Free Wifi,Bar/Lounge
Les Bains,https://www.tripadvisor.com/Hotel_Review-g187147-d7740508-Reviews-Les_Bains-Paris_Ile_de_France.html,Booking.com,$291 ,263 reviews,0.5 miles,Free Wifi,Pool
Hotel Emile,https://www.tripadvisor.com/Hotel_Review-g187147-d568921-Reviews-Hotel_Emile-Paris_Ile_de_France.html,Official Site,$116 ,257 reviews,0.5 miles,Free Wifi,
Hotel Bellevue et du Chariot d'Or,https://www.tripadvisor.com/Hotel_Review-g187147-d506359-Reviews-Hotel_Bellevue_et_du_Chariot_d_Or-Paris_Ile_de_France.html,Booking.com,$97 ,178 reviews,0.6 miles,Free Wifi,
Hotel Jules & Jim,https://www.tripadvisor.com/Hotel_Review-g187147-d2432527-Reviews-Hotel_Jules_Jim-Paris_Ile_de_France.html,Travelocity,$199 ,367 reviews,0.6 miles,Free Wifi,Room Service
Hotel de Roubaix,https://www.tripadvisor.com/Hotel_Review-g187147-d506893-Reviews-Hotel_de_Roubaix-Paris_Ile_de_France.html,Booking.com,$75 ,649 reviews,0.6 miles,Free Wifi,
Pratic Hotel,https://www.tripadvisor.com/Hotel_Review-g187147-d565827-Reviews-Pratic_Hotel-Paris_Ile_de_France.html,Booking.com,$89 ,264 reviews,0.6 miles,Free Wifi,
Hotel du Haut Marais,https://www.tripadvisor.com/Hotel_Review-g187147-d2186989-Reviews-Hotel_du_Haut_Marais-Paris_Ile_de_France.html,Booking.com,$174 ,51 reviews,0.6 miles,Free Wifi,
Hotel National Des Arts et Metiers,https://www.tripadvisor.com/Hotel_Review-g187147-d12456055-Reviews-Hotel_National_Des_Arts_et_Metiers-Paris_Ile_de_France.html,Hotels.com,$226 ,61 reviews,0.6 miles,,
Hotel du Petit Moulin,https://www.tripadvisor.com/Hotel_Review-g187147-d548458-Reviews-Hotel_du_Petit_Moulin-Paris_Ile_de_France.html,Orbitz.com,$228 ,453 reviews,0.7 miles,Free Wifi,Room Service
Hotel Saint-Louis Saintonge,https://www.tripadvisor.com/Hotel_Review-g187147-d248398-Reviews-Hotel_Saint_Louis_Saintonge-Paris_Ile_de_France.html,Booking.com,$161 ,186 reviews,0.7 miles,Free Wifi,
Hotel Edgar,https://www.tripadvisor.com/Hotel_Review-g187147-d3998722-Reviews-Hotel_Edgar-Paris_Ile_de_France.html,Orbitz.com,$118 ,156 reviews,0.7 miles,Free Wifi,Restaurant
Hotel Jacques de Molay,https://www.tripadvisor.com/Hotel_Review-g187147-d275021-Reviews-Hotel_Jacques_de_Molay-Paris_Ile_de_France.html,Hotels.com,$131 ,130 reviews,0.7 miles,Free Wifi,Room Service
Les Tournelles,https://www.tripadvisor.com/Hotel_Review-g187147-d219989-Reviews-Les_Tournelles-Paris_Ile_de_France.html,Hotwire.com,$156 ,245 reviews,0.7 miles,Free Wifi,Bar/Lounge
Austin's Arts et Metiers Hotel,https://www.tripadvisor.com/Hotel_Review-g187147-d296785-Reviews-Austin_s_Arts_et_Metiers_Hotel-Paris_Ile_de_France.html,Orbitz.com,$126 ,377 reviews,0.7 miles,Free Wifi,
La Chambre du Marais,https://www.tripadvisor.com/Hotel_Review-g187147-d10319445-Reviews-La_Chambre_du_Marais-Paris_Ile_de_France.html,Official Site,$157 ,225 reviews,0.7 miles,Free Wifi,Room Service
Little Palace Hotel,https://www.tripadvisor.com/Hotel_Review-g187147-d228719-Reviews-Little_Palace_Hotel-Paris_Ile_de_France.html,Agoda.com,$134 ,248 reviews,0.7 miles,Free Wifi,Bar/Lounge
Le Pavillon de la Reine,https://www.tripadvisor.com/Hotel_Review-g187147-d188738-Reviews-Le_Pavillon_de_la_Reine-Paris_Ile_de_France.html,Expedia.com,$470 ,832 reviews,0.8 miles,Free Wifi,Room Service
Hotel des Fontaines,https://www.tripadvisor.com/Hotel_Review-g187147-d620131-Reviews-Hotel_des_Fontaines-Paris_Ile_de_France.html,Booking.com,$73 ,50 reviews,0.8 miles,,
Hotel Picard,https://www.tripadvisor.com/Hotel_Review-g187147-d616466-Reviews-Hotel_Picard-Paris_Ile_de_France.html,Expedia.com,$67 ,136 reviews,0.8 miles,Free Wifi,
Le Relais du Marais,https://www.tripadvisor.com/Hotel_Review-g187147-d276938-Reviews-Le_Relais_du_Marais-Paris_Ile_de_France.html,Expedia.com,$102 ,236 reviews,0.8 miles,Free Wifi,
Hotel du Plat d'Etain,https://www.tripadvisor.com/Hotel_Review-g187147-d248396-Reviews-Hotel_du_Plat_d_Etain-Paris_Ile_de_France.html,Hotels.com,$74 ,403 reviews,0.8 miles,Free Wifi,
Hotel Meslay Republique,https://www.tripadvisor.com/Hotel_Review-g187147-d233760-Reviews-Hotel_Meslay_Republique-Paris_Ile_de_France.html,Official Site,$92 ,291 reviews,0.9 miles,Free Wifi,Room Service
Paix Republique,https://www.tripadvisor.com/Hotel_Review-g187147-d233761-Reviews-Paix_Republique-Paris_Ile_de_France.html,Expedia.com,$91 ,117 reviews,0.9 miles,Free Wifi,
Le Mareuil,https://www.tripadvisor.com/Hotel_Review-g187147-d264828-Reviews-Le_Mareuil-Paris_Ile_de_France.html,Orbitz.com,$134 ,592 reviews,1.0 miles,Free Wifi,Room Service
Hotel Le Compostelle Le Marai,https://www.tripadvisor.com/Hotel_Review-g187147-d260562-Reviews-Hotel_Le_Compostelle_Le_Marai-Paris_Ile_de_France.html,Travelocity,$120 ,193 reviews,0.3 miles,Free Wifi,Room Service
Hotel Dupond-Smith,https://www.tripadvisor.com/Hotel_Review-g187147-d6617874-Reviews-Hotel_Dupond_Smith-Paris_Ile_de_France.html,Travelocity,$449 ,213 reviews,0.4 miles,Free Wifi,Room Service
Hotel Paris Rivoli,https://www.tripadvisor.com/Hotel_Review-g187147-d230461-Reviews-Hotel_Paris_Rivoli-Paris_Ile_de_France.html,Expedia.com,$115 ,465 reviews,0.4 miles,Free Wifi,
Relais Hotel du Vieux Paris,https://www.tripadvisor.com/Hotel_Review-g187147-d242962-Reviews-Relais_Hotel_du_Vieux_Paris-Paris_Ile_de_France.html,Travelocity,$161 ,401 reviews,0.4 miles,Free Wifi,
Snob Hotel by Elegancia,https://www.tripadvisor.com/Hotel_Review-g187147-d11725503-Reviews-Snob_Hotel_by_Elegancia-Paris_Ile_de_France.html,Official Site,$203 ,159 reviews,0.4 miles,Free Wifi,Room Service
Tonic Hotel Louvre,https://www.tripadvisor.com/Hotel_Review-g187147-d233800-Reviews-Tonic_Hotel_Louvre-Paris_Ile_de_France.html,Expedia.com,$71 ,434 reviews,0.4 miles,Free Wifi,Room Service
Handsome Hotel by Elegancia,https://www.tripadvisor.com/Hotel_Review-g187147-d233510-Reviews-Handsome_Hotel_by_Elegancia-Paris_Ile_de_France.html,Official Site,$99 ,195 reviews,0.4 miles,Free Wifi,Breakfast included
Hotel Le Clos Notre-Dame,https://www.tripadvisor.com/Hotel_Review-g187147-d220007-Reviews-Hotel_Le_Clos_Notre_Dame-Paris_Ile_de_France.html,Hotwire.com,$145 ,158 reviews,0.4 miles,Free Wifi,
Hotel Saint-Louis en l'Isle,https://www.tripadvisor.com/Hotel_Review-g187147-d219996-Reviews-Hotel_Saint_Louis_en_l_Isle-Paris_Ile_de_France.html,Travelocity,$200 ,580 reviews,0.4 miles,Free Wifi,
Henri IV Rive Gauche Hotel,https://www.tripadvisor.com/Hotel_Review-g187147-d282186-Reviews-Henri_IV_Rive_Gauche_Hotel-Paris_Ile_de_France.html,Agoda.com,$154 ,585 reviews,0.4 miles,Free Wifi,Room Service
Hotel du Pont Neuf,https://www.tripadvisor.com/Hotel_Review-g187147-d650061-Reviews-Hotel_du_Pont_Neuf-Paris_Ile_de_France.html,Booking.com,$97 ,111 reviews,0.4 miles,Free Internet,
Hotel Europe Saint Severin,https://www.tripadvisor.com/Hotel_Review-g187147-d250927-Reviews-Hotel_Europe_Saint_Severin-Paris_Ile_de_France.html,Travelocity,$110 ,842 reviews,0.4 miles,Free Wifi,Restaurant
Hotel Royal Saint Michel,https://www.tripadvisor.com/Hotel_Review-g187147-d230462-Reviews-Hotel_Royal_Saint_Michel-Paris_Ile_de_France.html,Agoda.com,$135 ,597 reviews,0.4 miles,Free Wifi,Breakfast included
Les Degres de Notre Dame,https://www.tripadvisor.com/Hotel_Review-g187147-d239649-Reviews-Les_Degres_de_Notre_Dame-Paris_Ile_de_France.html,Booking.com,$97 ,210 reviews,0.4 miles,Free Wifi,Restaurant
Melia Paris Notre-Dame,https://www.tripadvisor.com/Hotel_Review-g187147-d228850-Reviews-Melia_Paris_Notre_Dame-Paris_Ile_de_France.html,Melia.com,$155 ,945 reviews,0.4 miles,Free Wifi,Room Service
Hotel Saint-Honore,https://www.tripadvisor.com/Hotel_Review-g187147-d535859-Reviews-Hotel_Saint_Honore-Paris_Ile_de_France.html,Hotels.com,$122 ,216 reviews,0.4 miles,Free Wifi,
Citadines Saint-Germain-des-Pres Paris,https://www.tripadvisor.com/Hotel_Review-g187147-d208096-Reviews-Citadines_Saint_Germain_des_Pres_Paris-Paris_Ile_de_France.html,Ctrip.com,$166 ,"1,943 reviews",0.4 miles,Free Wifi,Fitness center
Hotel Villa d'Estrees,https://www.tripadvisor.com/Hotel_Review-g187147-d267998-Reviews-Hotel_Villa_d_Estrees-Paris_Ile_de_France.html,Hotels.com,$271 ,351 reviews,0.4 miles,Free Wifi,Room Service
L'Empire Paris,https://www.tripadvisor.com/Hotel_Review-g187147-d647228-Reviews-L_Empire_Paris-Paris_Ile_de_France.html,Hotel Website,$146 ,708 reviews,0.4 miles,Free Wifi,Restaurant
Hotel Residence des Arts,https://www.tripadvisor.com/Hotel_Review-g187147-d197429-Reviews-Hotel_Residence_des_Arts-Paris_Ile_de_France.html,Official Site,$143 ,252 reviews,0.4 miles,Free Wifi,Room Service
Le Relais du Louvre,https://www.tripadvisor.com/Hotel_Review-g187147-d222914-Reviews-Le_Relais_du_Louvre-Paris_Ile_de_France.html,Agoda.com,$158 ,686 reviews,0.4 miles,Free Wifi,Room Service
Hotel de la Place du Louvre - Esprit de France,https://www.tripadvisor.com/Hotel_Review-g187147-d248395-Reviews-Hotel_de_la_Place_du_Louvre_Esprit_de_France-Paris_Ile_de_France.html,Expedia.com,$100 ,492 reviews,0.4 miles,Free Wifi,Room Service
Hotel Eugenie,https://www.tripadvisor.com/Hotel_Review-g187147-d290433-Reviews-Hotel_Eugenie-Paris_Ile_de_France.html,Hotwire.com,$119 ,301 reviews,0.4 miles,Free Wifi,
Hotel Parc St. Severin - Esprit de France,https://www.tripadvisor.com/Hotel_Review-g187147-d194197-Reviews-Hotel_Parc_St_Severin_Esprit_de_France-Paris_Ile_de_France.html,Agoda.com,$160 ,788 reviews,0.4 miles,Free Wifi,Room Service
Holiday Inn Paris - Notre Dame,https://www.tripadvisor.com/Hotel_Review-g187147-d1597586-Reviews-Holiday_Inn_Paris_Notre_Dame-Paris_Ile_de_France.html,HolidayInn.com,$142 ,"1,632 reviews",0.4 miles,Free Wifi,Restaurant
Hotel du Cygne,https://www.tripadvisor.com/Hotel_Review-g187147-d239645-Reviews-Hotel_du_Cygne-Paris_Ile_de_France.html,Booking.com,$98 ,199 reviews,0.4 miles,Free Wifi,
Hotel Konfidentiel,https://www.tripadvisor.com/Hotel_Review-g187147-d1978931-Reviews-Hotel_Konfidentiel-Paris_Ile_de_France.html,Agoda.com,$205 ,196 reviews,0.4 miles,Free Wifi,Room Service
Hotel Georgette,https://www.tripadvisor.com/Hotel_Review-g187147-d239647-Reviews-Hotel_Georgette-Paris_Ile_de_France.html,Orbitz.com,$141 ,769 reviews,0.4 miles,Free Wifi,
Le Relais des Halles,https://www.tripadvisor.com/Hotel_Review-g187147-d650135-Reviews-Le_Relais_des_Halles-Paris_Ile_de_France.html,Expedia.com,$188 ,558 reviews,0.4 miles,Free Wifi,
"Hotel de Notre Dame ""Maitre Albert""",https://www.tripadvisor.com/Hotel_Review-g187147-d1062534-Reviews-Hotel_de_Notre_Dame_Maitre_Albert-Paris_Ile_de_France.html,Travelocity,$141 ,316 reviews,0.5 miles,Free Wifi,
Residence le St. Germain,https://www.tripadvisor.com/Hotel_Review-g187147-d567403-Reviews-Residence_le_St_Germain-Paris_Ile_de_France.html,Orbitz.com,$100 ,59 reviews,0.5 miles,Free Wifi,
Hotel du Lys,https://www.tripadvisor.com/Hotel_Review-g187147-d219985-Reviews-Hotel_du_Lys-Paris_Ile_de_France.html,Expedia.com,$112 ,257 reviews,0.5 miles,Free Wifi,
Relais Christine,https://www.tripadvisor.com/Hotel_Review-g187147-d219977-Reviews-Relais_Christine-Paris_Ile_de_France.html,Agoda.com,$336 ,900 reviews,0.5 miles,Free Wifi,Room Service
Hotel d'Aubusson,https://www.tripadvisor.com/Hotel_Review-g187147-d194308-Reviews-Hotel_d_Aubusson-Paris_Ile_de_France.html,Expedia.com,$303 ,"1,064 reviews",0.5 miles,Free Wifi,Room Service
Hotel de Nesle,https://www.tripadvisor.com/Hotel_Review-g187147-d239640-Reviews-Hotel_de_Nesle-Paris_Ile_de_France.html,Booking.com,$106 ,389 reviews,0.5 miles,Free Wifi,
Hotel Studia,https://www.tripadvisor.com/Hotel_Review-g187147-d650188-Reviews-Hotel_Studia-Paris_Ile_de_France.html,Booking.com,$116 ,91 reviews,0.5 miles,,
Hotel Marignan,https://www.tripadvisor.com/Hotel_Review-g187147-d263659-Reviews-Hotel_Marignan-Paris_Ile_de_France.html,Booking.com,$90 ,777 reviews,0.5 miles,Free Wifi,Breakfast included
Hotel Le Home Latin,https://www.tripadvisor.com/Hotel_Review-g187147-d220001-Reviews-Hotel_Le_Home_Latin-Paris_Ile_de_France.html,Hotels.com,$94 ,554 reviews,0.5 miles,Free Wifi,
Best Western Jardin De Cluny,https://www.tripadvisor.com/Hotel_Review-g187147-d198051-Reviews-Best_Western_Jardin_De_Cluny-Paris_Ile_de_France.html,Booking.com,$126 ,819 reviews,0.5 miles,Free Wifi,Bar/Lounge
Best Western Premier Louvre Saint Honore,https://www.tripadvisor.com/Hotel_Review-g187147-d207751-Reviews-Best_Western_Premier_Louvre_Saint_Honore-Paris_Ile_de_France.html,Hotels.com,$146 ,145 reviews,0.5 miles,Free Wifi,Room Service
Hotel Abbatial Saint Germain,https://www.tripadvisor.com/Hotel_Review-g187147-d222897-Reviews-Hotel_Abbatial_Saint_Germain-Paris_Ile_de_France.html,Agoda.com,$98 ,"1,117 reviews",0.5 miles,Free Wifi,
Hotel Dauphine Saint Germain,https://www.tripadvisor.com/Hotel_Review-g187147-d194276-Reviews-Hotel_Dauphine_Saint_Germain-Paris_Ile_de_France.html,Official Site,$112 ,900 reviews,0.5 miles,Free Wifi,Bar/Lounge
Mercure Paris Notre Dame Saint Germain des Pres,https://www.tripadvisor.com/Hotel_Review-g187147-d208104-Reviews-Mercure_Paris_Notre_Dame_Saint_Germain_des_Pres-Paris_Ile_de_France.html,Booking.com,$135 ,852 reviews,0.5 miles,Free Wifi,Bar/Lounge
Prince de Conti,https://www.tripadvisor.com/Hotel_Review-g187147-d228777-Reviews-Prince_de_Conti-Paris_Ile_de_France.html,Agoda.com,$131 ,42 reviews,0.5 miles,Free Wifi,
Hotel du College de France,https://www.tripadvisor.com/Hotel_Review-g187147-d271939-Reviews-Hotel_du_College_de_France-Paris_Ile_de_France.html,Booking.com,$106 ,964 reviews,0.5 miles,Free Wifi,
Tiquetonne,https://www.tripadvisor.com/Hotel_Review-g187147-d235613-Reviews-Tiquetonne-Paris_Ile_de_France.html,Expedia.com,$68 ,592 reviews,0.5 miles,Free Wifi,
Hotel St. Andre des Arts,https://www.tripadvisor.com/Hotel_Review-g187147-d239623-Reviews-Hotel_St_Andre_des_Arts-Paris_Ile_de_France.html,Travelocity,$114 ,361 reviews,0.5 miles,Free Wifi,Room Service
Grand Hotel Malher,https://www.tripadvisor.com/Hotel_Review-g187147-d189693-Reviews-Grand_Hotel_Malher-Paris_Ile_de_France.html,Hotels.com,$156 ,201 reviews,0.5 miles,Free Wifi,
Hotel Diana,https://www.tripadvisor.com/Hotel_Review-g187147-d567154-Reviews-Hotel_Diana-Paris_Ile_de_France.html,Orbitz.com,$129 ,435 reviews,0.5 miles,Free Wifi,
Hotel Le Regent,https://www.tripadvisor.com/Hotel_Review-g187147-d236507-Reviews-Hotel_Le_Regent-Paris_Ile_de_France.html,Hotels.com,$146 ,333 reviews,0.5 miles,Free Wifi,Breakfast included
Hotel Le Petit Trianon,https://www.tripadvisor.com/Hotel_Review-g187147-d290406-Reviews-Hotel_Le_Petit_Trianon-Paris_Ile_de_France.html,Travelocity,$86 ,230 reviews,0.6 miles,Free Wifi,
Hotel Belloy Saint-Germain by HappyCulture,https://www.tripadvisor.com/Hotel_Review-g187147-d198026-Reviews-Hotel_Belloy_Saint_Germain_by_HappyCulture-Paris_Ile_de_France.html,Ctrip.com,$165 ,680 reviews,0.6 miles,Free Wifi,
Hotel Claude Bernard Saint-Germain,https://www.tripadvisor.com/Hotel_Review-g187147-d194273-Reviews-Hotel_Claude_Bernard_Saint_Germain-Paris_Ile_de_France.html,Agoda.com,$100 ,235 reviews,0.6 miles,Free Wifi,
Hotel La Lanterne,https://www.tripadvisor.com/Hotel_Review-g187147-d8711122-Reviews-Hotel_La_Lanterne-Paris_Ile_de_France.html,Expedia.com,$207 ,291 reviews,0.6 miles,Free Wifi,Pool
Hotel Les Bulles de Paris,https://www.tripadvisor.com/Hotel_Review-g187147-d238380-Reviews-Hotel_Les_Bulles_de_Paris-Paris_Ile_de_France.html,Expedia.com,$133 ,264 reviews,0.6 miles,Free Wifi,
Hotel Saint Pierre,https://www.tripadvisor.com/Hotel_Review-g187147-d269848-Reviews-Hotel_Saint_Pierre-Paris_Ile_de_France.html,Agoda.com,$89 ,332 reviews,0.6 miles,Free Wifi,
Left Bank Saint Germain,https://www.tripadvisor.com/Hotel_Review-g187147-d207573-Reviews-Left_Bank_Saint_Germain-Paris_Ile_de_France.html,Agoda.com,$146 ,865 reviews,0.6 miles,Free Wifi,
Victoires Opera Hotel,https://www.tripadvisor.com/Hotel_Review-g187147-d198095-Reviews-Victoires_Opera_Hotel-Paris_Ile_de_France.html,Hotels.com,$144 ,297 reviews,0.6 miles,Free Wifi,Room Service
Grand Hotel de l'Univers,https://www.tripadvisor.com/Hotel_Review-g187147-d222691-Reviews-Grand_Hotel_de_l_Univers-Paris_Ile_de_France.html,Booking.com,$128 ,384 reviews,0.6 miles,Free Wifi,Room Service
Hotel du Commerce,https://www.tripadvisor.com/Hotel_Review-g187147-d495937-Reviews-Hotel_du_Commerce-Paris_Ile_de_France.html,Hotwire.com,$65 ,466 reviews,0.6 miles,Free Wifi,
Hotel Saint-Jacques,https://www.tripadvisor.com/Hotel_Review-g187147-d260834-Reviews-Hotel_Saint_Jacques-Paris_Ile_de_France.html,Travelocity,$110 ,"1,006 reviews",0.6 miles,Free Wifi,Bar/Lounge
Le Petit Belloy Saint-Germain by HappyCulture,https://www.tripadvisor.com/Hotel_Review-g187147-d1199305-Reviews-Le_Petit_Belloy_Saint_Germain_by_HappyCulture-Paris_Ile_de_France.html,Official Site,$103 ,381 reviews,0.6 miles,Free Wifi,
Moderne St-Germain Hotel,https://www.tripadvisor.com/Hotel_Review-g187147-d197634-Reviews-Moderne_St_Germain_Hotel-Paris_Ile_de_France.html,Expedia.com,$111 ,583 reviews,0.6 miles,Free Wifi,Room Service
Villa Pantheon,https://www.tripadvisor.com/Hotel_Review-g187147-d229577-Reviews-Villa_Pantheon-Paris_Ile_de_France.html,Ctrip.com,$174 ,781 reviews,0.6 miles,Free Wifi,Bar/Lounge
Agora Saint Germain,https://www.tripadvisor.com/Hotel_Review-g187147-d222912-Reviews-Agora_Saint_Germain-Paris_Ile_de_France.html,Travelocity,$108 ,959 reviews,0.6 miles,Free Wifi,
Hotel Atmospheres,https://www.tripadvisor.com/Hotel_Review-g187147-d3477124-Reviews-Hotel_Atmospheres-Paris_Ile_de_France.html,Agoda.com,$154 ,"1,716 reviews",0.6 miles,Free Wifi,Bar/Lounge
Hotel Central Saint Germain,https://www.tripadvisor.com/Hotel_Review-g187147-d239279-Reviews-Hotel_Central_Saint_Germain-Paris_Ile_de_France.html,Agoda.com,$115 ,410 reviews,0.6 miles,Free Wifi,
Hotel Prince de Conde,https://www.tripadvisor.com/Hotel_Review-g187147-d233771-Reviews-Hotel_Prince_de_Conde-Paris_Ile_de_France.html,Hotwire.com,$156 ,136 reviews,0.6 miles,Free Wifi,Bar/Lounge
Hotel Victoire & Germain,https://www.tripadvisor.com/Hotel_Review-g187147-d10227714-Reviews-Hotel_Victoire_Germain-Paris_Ile_de_France.html,Orbitz.com,$149 ,79 reviews,0.6 miles,Free Wifi,
Hotel de JoBo,https://www.tripadvisor.com/Hotel_Review-g187147-d10386434-Reviews-Hotel_de_JoBo-Paris_Ile_de_France.html,Expedia.com,$241 ,195 reviews,0.6 miles,Free Wifi,Bar/Lounge
Hotel de Lille- louvre,https://www.tripadvisor.com/Hotel_Review-g187147-d968292-Reviews-Hotel_de_Lille_louvre-Paris_Ile_de_France.html,Hotels.com,$66 ,189 reviews,0.6 miles,Free Wifi,
Hotel de Suez,https://www.tripadvisor.com/Hotel_Review-g187147-d506713-Reviews-Hotel_de_Suez-Paris_Ile_de_France.html,Official Site,$79 ,740 reviews,0.6 miles,Free Wifi,
Hotel Saint Paul Le Marais,https://www.tripadvisor.com/Hotel_Review-g187147-d195456-Reviews-Hotel_Saint_Paul_Le_Marais-Paris_Ile_de_France.html,Hotwire.com,$285 ,157 reviews,0.6 miles,Free Wifi,Bar/Lounge
Relais Medicis,https://www.tripadvisor.com/Hotel_Review-g187147-d233511-Reviews-Relais_Medicis-Paris_Ile_de_France.html,Booking.com,$172 ,101 reviews,0.6 miles,Free Wifi,Room Service
Hotel Crayon by Elegancia,https://www.tripadvisor.com/Hotel_Review-g187147-d235583-Reviews-Hotel_Crayon_by_Elegancia-Paris_Ile_de_France.html,Official Site,$90 ,612 reviews,0.6 miles,Free Wifi,Bar/Lounge
Hotel de Seine,https://www.tripadvisor.com/Hotel_Review-g187147-d236539-Reviews-Hotel_de_Seine-Paris_Ile_de_France.html,Expedia.com,$142 ,555 reviews,0.6 miles,Free Wifi,
Mercure Paris La Sorbonne Saint Germain des Pres,https://www.tripadvisor.com/Hotel_Review-g187147-d233776-Reviews-Mercure_Paris_La_Sorbonne_Saint_Germain_des_Pres-Paris_Ile_de_France.html,Booking.com,$107 ,888 reviews,0.6 miles,Free Wifi,Room Service
Timhotel Le Louvre,https://www.tripadvisor.com/Hotel_Review-g187147-d207844-Reviews-Timhotel_Le_Louvre-Paris_Ile_de_France.html,Hotel Website,$101 ,832 reviews,0.6 miles,Free Wifi,
Appi Hotel,https://www.tripadvisor.com/Hotel_Review-g187147-d596303-Reviews-Appi_Hotel-Paris_Ile_de_France.html,Booking.com,$86 ,240 reviews,0.6 miles,Free Wifi,
Hotel Caron,https://www.tripadvisor.com/Hotel_Review-g187147-d641585-Reviews-Hotel_Caron-Paris_Ile_de_France.html,Booking.com,$117 ,407 reviews,0.6 miles,Free Wifi,
Hotel Relais Saint-Germain,https://www.tripadvisor.com/Hotel_Review-g187147-d194309-Reviews-Hotel_Relais_Saint_Germain-Paris_Ile_de_France.html,Travelocity,$351 ,513 reviews,0.6 miles,Free Wifi,Breakfast included
Hotel Residence Henri 4,https://www.tripadvisor.com/Hotel_Review-g187147-d230491-Reviews-Hotel_Residence_Henri_4-Paris_Ile_de_France.html,Booking.com,$166 ,"1,023 reviews",0.6 miles,Free Wifi,Room Service
Villa des Princes,https://www.tripadvisor.com/Hotel_Review-g187147-d583000-Reviews-Villa_des_Princes-Paris_Ile_de_France.html,Hotels.com,$98 ,152 reviews,0.6 miles,Free Wifi,
Hotel De Buci by MH,https://www.tripadvisor.com/Hotel_Review-g187147-d233582-Reviews-Hotel_De_Buci_by_MH-Paris_Ile_de_France.html,Expedia.com,$191 ,793 reviews,0.6 miles,Free Wifi,Room Service
Hotel de Fleurie,https://www.tripadvisor.com/Hotel_Review-g187147-d219995-Reviews-Hotel_de_Fleurie-Paris_Ile_de_France.html,Hotels.com,$108 ,388 reviews,0.6 miles,Free Wifi,Room Service
Odeon Hotel,https://www.tripadvisor.com/Hotel_Review-g187147-d219979-Reviews-Odeon_Hotel-Paris_Ile_de_France.html,Official Site,$91 ,494 reviews,0.6 miles,Free Wifi,
Hotel Delavigne,https://www.tripadvisor.com/Hotel_Review-g187147-d220004-Reviews-Hotel_Delavigne-Paris_Ile_de_France.html,Booking.com,$117 ,267 reviews,0.6 miles,Free Wifi,
Hotel Louis 2,https://www.tripadvisor.com/Hotel_Review-g187147-d219999-Reviews-Hotel_Louis_2-Paris_Ile_de_France.html,Official Site,$139 ,444 reviews,0.6 miles,Free Wifi,Room Service
Le Lapin Blanc,https://www.tripadvisor.com/Hotel_Review-g187147-d197635-Reviews-Le_Lapin_Blanc-Paris_Ile_de_France.html,Agoda.com,$177 ,313 reviews,0.6 miles,Free Wifi,Room Service
Welcome Hotel,https://www.tripadvisor.com/Hotel_Review-g187147-d236593-Reviews-Welcome_Hotel-Paris_Ile_de_France.html,Travelocity,$101 ,472 reviews,0.6 miles,Free Wifi,
Hotel Jeanne d'Arc,https://www.tripadvisor.com/Hotel_Review-g187147-d189228-Reviews-Hotel_Jeanne_d_Arc-Paris_Ile_de_France.html,Orbitz.com,$104 ,643 reviews,0.6 miles,Free Wifi,
Artus Hotel by MH,https://www.tripadvisor.com/Hotel_Review-g187147-d194278-Reviews-Artus_Hotel_by_MH-Paris_Ile_de_France.html,Agoda.com,$177 ,967 reviews,0.7 miles,Free Wifi,Room Service
Familia Hotel,https://www.tripadvisor.com/Hotel_Review-g187147-d194226-Reviews-Familia_Hotel-Paris_Ile_de_France.html,Agoda.com,$91 ,597 reviews,0.7 miles,Free Wifi,Room Service
Grand Hotel des Balcons,https://www.tripadvisor.com/Hotel_Review-g187147-d236439-Reviews-Grand_Hotel_des_Balcons-Paris_Ile_de_France.html,Travelocity,$121 ,565 reviews,0.7 miles,Free Wifi,
Hotel Louvre Bons Enfants,https://www.tripadvisor.com/Hotel_Review-g187147-d236574-Reviews-Hotel_Louvre_Bons_Enfants-Paris_Ile_de_France.html,Travelocity,$103 ,661 reviews,0.6 miles,Free Wifi,
Hotel Saint Paul Rive Gauche,https://www.tripadvisor.com/Hotel_Review-g187147-d197432-Reviews-Hotel_Saint_Paul_Rive_Gauche-Paris_Ile_de_France.html,Official Site,$150 ,792 reviews,0.7 miles,Free Wifi,
Hotel Turenne Le Marais,https://www.tripadvisor.com/Hotel_Review-g187147-d636096-Reviews-Hotel_Turenne_Le_Marais-Paris_Ile_de_France.html,Agoda.com,$140 ,508 reviews,0.6 miles,Free Wifi,
L'Hotel,https://www.tripadvisor.com/Hotel_Review-g187147-d480768-Reviews-L_Hotel-Paris_Ile_de_France.html,Agoda.com,$375 ,469 reviews,0.7 miles,Free Wifi,Pool
Minerve Hotel,https://www.tripadvisor.com/Hotel_Review-g187147-d235587-Reviews-Minerve_Hotel-Paris_Ile_de_France.html,Agoda.com,$106 ,758 reviews,0.6 miles,Free Wifi,
Tonic Hotel Saint Germain,https://www.tripadvisor.com/Hotel_Review-g187147-d219986-Reviews-Tonic_Hotel_Saint_Germain-Paris_Ile_de_France.html,Hotel Website,$99 ,120 reviews,0.7 miles,Free Wifi,Room Service
Ecole Centrale Hotel Paris,https://www.tripadvisor.com/Hotel_Review-g187147-d309849-Reviews-Ecole_Centrale_Hotel_Paris-Paris_Ile_de_France.html,Expedia.com,$119 ,310 reviews,0.7 miles,Free Wifi,
Hotel Bachaumont,https://www.tripadvisor.com/Hotel_Review-g187147-d7776432-Reviews-Hotel_Bachaumont-Paris_Ile_de_France.html,Travelocity,$209 ,346 reviews,0.7 miles,Free Wifi,Restaurant
Hotel Baume,https://www.tripadvisor.com/Hotel_Review-g187147-d259351-Reviews-Hotel_Baume-Paris_Ile_de_France.html,Expedia.com,$216 ,410 reviews,0.7 miles,Free Wifi,Room Service
Hotel Crayon Rouge by Elegancia,https://www.tripadvisor.com/Hotel_Review-g187147-d6878364-Reviews-Hotel_Crayon_Rouge_by_Elegancia-Paris_Ile_de_France.html,Official Site,$109 ,255 reviews,0.7 miles,Free Wifi,Bar/Lounge
Hotel Odeon Saint-Germain,https://www.tripadvisor.com/Hotel_Review-g187147-d230480-Reviews-Hotel_Odeon_Saint_Germain-Paris_Ile_de_France.html,Ctrip.com,$139 ,"1,118 reviews",0.7 miles,Free Wifi,Bar/Lounge
Hotel Odyssey by Elegancia,https://www.tripadvisor.com/Hotel_Review-g187147-d228813-Reviews-Hotel_Odyssey_by_Elegancia-Paris_Ile_de_France.html,Official Site,$90 ,658 reviews,0.7 miles,Free Wifi,Bar/Lounge
Hotel Quartier Latin,https://www.tripadvisor.com/Hotel_Review-g187147-d198049-Reviews-Hotel_Quartier_Latin-Paris_Ile_de_France.html,Expedia.com,$112 ,454 reviews,0.7 miles,Free Wifi,
Hotel Stella,https://www.tripadvisor.com/Hotel_Review-g187147-d589428-Reviews-Hotel_Stella-Paris_Ile_de_France.html,Booking.com,$101 ,74 reviews,0.7 miles,,
Hotel Zora,https://www.tripadvisor.com/Hotel_Review-g187147-d8867555-Reviews-Hotel_Zora-Paris_Ile_de_France.html,Booking.com,$102 ,18 reviews,0.7 miles,Free Internet,
Millesime Hotel,https://www.tripadvisor.com/Hotel_Review-g187147-d236579-Reviews-Millesime_Hotel-Paris_Ile_de_France.html,Travelocity,$254 ,492 reviews,0.7 miles,Free Wifi,Room Service
Grand Hotel du Palais Royal,https://www.tripadvisor.com/Hotel_Review-g187147-d617625-Reviews-Grand_Hotel_du_Palais_Royal-Paris_Ile_de_France.html,Hotels.com,$358 ,775 reviews,0.7 miles,Free Wifi,Restaurant
Hotel de Neuve by HappyCulture,https://www.tripadvisor.com/Hotel_Review-g187147-d234615-Reviews-Hotel_de_Neuve_by_HappyCulture-Paris_Ile_de_France.html,Official Site,$102 ,291 reviews,0.7 miles,Free Wifi,
Select Hotel,https://www.tripadvisor.com/Hotel_Review-g187147-d236586-Reviews-Select_Hotel-Paris_Ile_de_France.html,Expedia.com,$138 ,"1,189 reviews",0.7 miles,Free Wifi,Room Service
Hotel Au Royal Cardinal,https://www.tripadvisor.com/Hotel_Review-g187147-d242973-Reviews-Hotel_Au_Royal_Cardinal-Paris_Ile_de_France.html,Expedia.com,$99 ,526 reviews,0.7 miles,Free Wifi,
Hotel Le Clement,https://www.tripadvisor.com/Hotel_Review-g187147-d197436-Reviews-Hotel_Le_Clement-Paris_Ile_de_France.html,Official Site,$92 ,409 reviews,0.7 miles,Free Wifi,
Hotel Vendome Saint Germain,https://www.tripadvisor.com/Hotel_Review-g187147-d233569-Reviews-Hotel_Vendome_Saint_Germain-Paris_Ile_de_France.html,Agoda.com,$110 ,115 reviews,0.7 miles,Free Wifi,
Hotel Bellan,https://www.tripadvisor.com/Hotel_Review-g187147-d1119723-Reviews-Hotel_Bellan-Paris_Ile_de_France.html,Agoda.com,$125 ,119 reviews,0.7 miles,Free Wifi,
Hotel des Deux Continents,https://www.tripadvisor.com/Hotel_Review-g187147-d222918-Reviews-Hotel_des_Deux_Continents-Paris_Ile_de_France.html,Agoda.com,$115 ,198 reviews,0.7 miles,Free Wifi,
Hotel Design Sorbonne,https://www.tripadvisor.com/Hotel_Review-g187147-d302989-Reviews-Hotel_Design_Sorbonne-Paris_Ile_de_France.html,Expedia.com,$130 ,"1,336 reviews",0.7 miles,Free Wifi,
Hotel des Marronniers,https://www.tripadvisor.com/Hotel_Review-g187147-d194280-Reviews-Hotel_des_Marronniers-Paris_Ile_de_France.html,Agoda.com,$124 ,354 reviews,0.7 miles,Free Wifi,Bar/Lounge
Hotel Trianon Rive Gauche,https://www.tripadvisor.com/Hotel_Review-g187147-d228737-Reviews-Hotel_Trianon_Rive_Gauche-Paris_Ile_de_France.html,Agoda.com,$139 ,790 reviews,0.7 miles,Free Wifi,Room Service
Hotel Cluny Sorbonne,https://www.tripadvisor.com/Hotel_Review-g187147-d279384-Reviews-Hotel_Cluny_Sorbonne-Paris_Ile_de_France.html,Booking.com,$101 ,421 reviews,0.7 miles,Free Wifi,
Hotel de Sully,https://www.tripadvisor.com/Hotel_Review-g187147-d195458-Reviews-Hotel_de_Sully-Paris_Ile_de_France.html,Hotels.com,$78 ,166 reviews,0.7 miles,Free Wifi,
Hotel Esprit Saint Germain,https://www.tripadvisor.com/Hotel_Review-g187147-d483519-Reviews-Hotel_Esprit_Saint_Germain-Paris_Ile_de_France.html,Travelocity,$331 ,284 reviews,0.7 miles,Free Wifi,Room Service
Hotel Excelsior Latin,https://www.tripadvisor.com/Hotel_Review-g187147-d230465-Reviews-Hotel_Excelsior_Latin-Paris_Ile_de_France.html,Hotels.com,$120 ,"1,160 reviews",0.7 miles,Free Wifi,
Hotel Fontaines du Luxembourg,https://www.tripadvisor.com/Hotel_Review-g187147-d229671-Reviews-Hotel_Fontaines_du_Luxembourg-Paris_Ile_de_France.html,Official Site,$86 ,364 reviews,0.7 miles,Free Wifi,
Hotel Michelet Odeon,https://www.tripadvisor.com/Hotel_Review-g187147-d611702-Reviews-Hotel_Michelet_Odeon-Paris_Ile_de_France.html,Expedia.com,$106 ,335 reviews,0.7 miles,Free Wifi,
La Villa Saint-Germain,https://www.tripadvisor.com/Hotel_Review-g187147-d194310-Reviews-La_Villa_Saint_Germain-Paris_Ile_de_France.html,Official Site,$199 ,709 reviews,0.7 miles,Free Wifi,Room Service
Grand Hotel Saint-Michel,https://www.tripadvisor.com/Hotel_Review-g187147-d194274-Reviews-Grand_Hotel_Saint_Michel-Paris_Ile_de_France.html,Expedia.com,$124 ,"1,033 reviews",0.7 miles,Free Wifi,Room Service
Hotel Cujas Pantheon,https://www.tripadvisor.com/Hotel_Review-g187147-d292941-Reviews-Hotel_Cujas_Pantheon-Paris_Ile_de_France.html,Expedia.com,$87 ,528 reviews,0.7 miles,Free Wifi,
Hotel des Trois Colleges,https://www.tripadvisor.com/Hotel_Review-g187147-d239644-Reviews-Hotel_des_Trois_Colleges-Paris_Ile_de_France.html,Hotels.com,$142 ,97 reviews,0.7 miles,Free Wifi,Room Service
Hotel le Senat,https://www.tripadvisor.com/Hotel_Review-g187147-d250387-Reviews-Hotel_le_Senat-Paris_Ile_de_France.html,Orbitz.com,$161 ,657 reviews,0.7 miles,Free Wifi,Room Service
Hotel Le Clos Medicis,https://www.tripadvisor.com/Hotel_Review-g187147-d233737-Reviews-Hotel_Le_Clos_Medicis-Paris_Ile_de_France.html,Official Site,$86 ,596 reviews,0.7 miles,Free Wifi,Room Service
Hotel Saint-Louis Marais,https://www.tripadvisor.com/Hotel_Review-g187147-d236512-Reviews-Hotel_Saint_Louis_Marais-Paris_Ile_de_France.html,Expedia.com,$151 ,279 reviews,0.7 miles,,
Hotel du Vieux Saule,https://www.tripadvisor.com/Hotel_Review-g187147-d233764-Reviews-Hotel_du_Vieux_Saule-Paris_Ile_de_France.html,Expedia.com,$126 ,186 reviews,0.7 miles,Free Wifi,Room Service
Hotel Saint Germain des Pres,https://www.tripadvisor.com/Hotel_Review-g187147-d220196-Reviews-Hotel_Saint_Germain_des_Pres-Paris_Ile_de_France.html,Expedia.com,$135 ,327 reviews,0.7 miles,Free Wifi,
Madison Hotel by MH,https://www.tripadvisor.com/Hotel_Review-g187147-d228699-Reviews-Madison_Hotel_by_MH-Paris_Ile_de_France.html,Orbitz.com,$226 ,777 reviews,0.7 miles,Free Wifi,Restaurant
"Hotel d'Angleterre, Saint Germain des Pres",https://www.tripadvisor.com/Hotel_Review-g187147-d194277-Reviews-Hotel_d_Angleterre_Saint_Germain_des_Pres-Paris_Ile_de_France.html,Hotwire.com,$207 ,242 reviews,0.7 miles,Free Wifi,Breakfast included
Hotel de la Place des Vosges,https://www.tripadvisor.com/Hotel_Review-g187147-d195455-Reviews-Hotel_de_la_Place_des_Vosges-Paris_Ile_de_France.html,Travelocity,$121 ,225 reviews,0.7 miles,Free Wifi,Room Service
Hotel du Louvre,https://www.tripadvisor.com/Hotel_Review-g187147-d189700-Reviews-Hotel_du_Louvre-Paris_Ile_de_France.html,Hotels.com,$277 ,"2,178 reviews",0.7 miles,Free Wifi,Restaurant
Bel Ami Hotel,https://www.tripadvisor.com/Hotel_Review-g187147-d233593-Reviews-Bel_Ami_Hotel-Paris_Ile_de_France.html,Agoda.com,$332 ,"1,257 reviews",0.8 miles,Free Wifi,Restaurant
Hotel Le 123 Sebastopol - Astotel,https://www.tripadvisor.com/Hotel_Review-g187147-d4800782-Reviews-Hotel_Le_123_Sebastopol_Astotel-Paris_Ile_de_France.html,Orbitz.com,$163 ,"1,731 reviews",0.8 miles,Free Wifi,Room Service
Hotel Relais Saint Sulpice,https://www.tripadvisor.com/Hotel_Review-g187147-d228797-Reviews-Hotel_Relais_Saint_Sulpice-Paris_Ile_de_France.html,Travelocity,$178 ,159 reviews,0.7 miles,Free Wifi,
Timhotel Palais Royal Louvre,https://www.tripadvisor.com/Hotel_Review-g187147-d229626-Reviews-Timhotel_Palais_Royal_Louvre-Paris_Ile_de_France.html,Hotel Website,$97 ,462 reviews,0.8 miles,Free Wifi,
Crystal Hotel,https://www.tripadvisor.com/Hotel_Review-g187147-d228731-Reviews-Crystal_Hotel-Paris_Ile_de_France.html,Orbitz.com,$354 ,336 reviews,0.8 miles,Free Wifi,
La Clef Louvre,https://www.tripadvisor.com/Hotel_Review-g187147-d208089-Reviews-La_Clef_Louvre-Paris_Ile_de_France.html,Expedia.com,$379 ,662 reviews,0.8 miles,Free Wifi,Room Service
Montpensier,https://www.tripadvisor.com/Hotel_Review-g187147-d254326-Reviews-Montpensier-Paris_Ile_de_France.html,Hotels.com,$88 ,792 reviews,0.8 miles,Free Wifi,Room Service
My Hotel in France le Marais by HappyCulture,https://www.tripadvisor.com/Hotel_Review-g187147-d1413256-Reviews-My_Hotel_in_France_le_Marais_by_HappyCulture-Paris_Ile_de_France.html,Official Site,$67 ,819 reviews,0.8 miles,Free Wifi,
Drawing Hotel,https://www.tripadvisor.com/Hotel_Review-g187147-d12100636-Reviews-Drawing_Hotel-Paris_Ile_de_France.html,Orbitz.com,$163 ,63 reviews,0.8 miles,Free Wifi,Room Service
Hotel Da Vinci & Spa,https://www.tripadvisor.com/Hotel_Review-g187147-d6675948-Reviews-Hotel_Da_Vinci_Spa-Paris_Ile_de_France.html,Agoda.com,$221 ,804 reviews,0.8 miles,Free Wifi,Pool
